{
    "abcdXYZ": {
        "name": "abcdXYZ"
    },
    "Shan": {
        "questions": {
            "1": "0",
            "2": "0",
            "3": "1",
            "4": "1",
            "5": "0",
            "6": "1",
            "7": "3",
            "8": "4",
            "9": "1",
            "10": "0"
        },
        "response": [
            {
                "Shahnawaz": "0"
            },
            {
                "Again": "8"
            },
            {
                "shahnawazhussain2802@gmail.com": "4"
            },
            {
                "Shahnawaz28": "4"
            },
            {
                "Shan": "4"
            },
            {
                "Shahu": "3"
            },
            {
                "shahnawazhussain2802@gmail.com": "0"
            },
            {
                "Shahnawaz28": "0"
            },
            {
                "Shahnawaz28": "0"
            },
            {
                "Shahnawaz28": "0"
            },
            {
                "Shahnawaz Hussain": "0"
            },
            {
                "Shahnawaz28": "4"
            },
            {
                "Shahnawaz28": "1"
            }
        ]
    },
    "Shahnawaz28": {
        "name": "Shahnawaz28",
        "questions": {
            "1": "0",
            "2": "0",
            "3": "0",
            "4": "0",
            "5": "0",
            "6": "0",
            "7": "0",
            "8": "0",
            "9": "0",
            "10": "0"
        }
    },
    "615f138e8e31b": {
        "name": "Shan"
    },
    "615f13c618ae5": {
        "name": "Shahnawaz28"
    },
    "Ishita Bosu": {
        "name": "Ishita Bosu"
    },
    "616da7990802d": {
        "name": "Ishita Bosu"
    }
}